<?xml version="1.0" encoding="utf-8"?>
<CameraXML xmlns:xsi="http://www.w3.org/2001/XMLSchema-instance" xmlns:xsd="http://www.w3.org/2001/XMLSchema">
  <HardwareInterfacePort>COM2</HardwareInterfacePort>
  <HardwareInterfaceBaudRate>9600</HardwareInterfaceBaudRate>
  <IsDebug>true</IsDebug>
  <CamerasRS232TurnOnCommand>n</CamerasRS232TurnOnCommand>
  <CamerasRS232TurnOffCommand>o</CamerasRS232TurnOffCommand>
  <SelectedCamera>5</SelectedCamera>
  <Users>
    <ApplicationUser UserName="test" Password="e336e6f2-c872-4831-ac1b-032bebdc9612" IsAdmin="true">
      <LastActivity>2011-11-27T02:00:15.6728694+01:00</LastActivity>
    </ApplicationUser>
  </Users>
  <Cameras>
    <CCTVCamera>
      <CameraName>Camera #0</CameraName>
      <SerialPort4Control>COM0</SerialPort4Control>
      <IsCurrentlyInUse>false</IsCurrentlyInUse>
      <CameraNumber>0</CameraNumber>
      <CameraType>PelcoD</CameraType>
      <BaudRate>1</BaudRate>
      <MinMovementSpeed>1</MinMovementSpeed>
      <MaxMovementSpeed>255</MaxMovementSpeed>
      <DefaultMovementSpeed>75</DefaultMovementSpeed>
      <IncrementStepMovementSpeed>15</IncrementStepMovementSpeed>
      <PresetPositions>
        <CCTVPreset>
          <Number>0</Number>
          <Name>position 0</Name>
        </CCTVPreset>
        <CCTVPreset>
          <Number>1</Number>
          <Name>position 1</Name>
        </CCTVPreset>
        <CCTVPreset>
          <Number>2</Number>
          <Name>position 2</Name>
        </CCTVPreset>
        <CCTVPreset>
          <Number>3</Number>
          <Name>position 3</Name>
        </CCTVPreset>
        <CCTVPreset>
          <Number>4</Number>
          <Name>position 4</Name>
        </CCTVPreset>
        <CCTVPreset>
          <Number>5</Number>
          <Name>position 5</Name>
        </CCTVPreset>
        <CCTVPreset>
          <Number>6</Number>
          <Name>position 6</Name>
        </CCTVPreset>
        <CCTVPreset>
          <Number>7</Number>
          <Name>position 7</Name>
        </CCTVPreset>
        <CCTVPreset>
          <Number>8</Number>
          <Name>position 8</Name>
        </CCTVPreset>
        <CCTVPreset>
          <Number>9</Number>
          <Name>position 9</Name>
        </CCTVPreset>
      </PresetPositions>
    </CCTVCamera>
    <CCTVCamera>
      <CameraName>Camera #1</CameraName>
      <SerialPort4Control>COM1</SerialPort4Control>
      <IsCurrentlyInUse>false</IsCurrentlyInUse>
      <CameraNumber>1</CameraNumber>
      <CameraType>TandbergVisca</CameraType>
      <BaudRate>1001</BaudRate>
      <MinMovementSpeed>2</MinMovementSpeed>
      <MaxMovementSpeed>252</MaxMovementSpeed>
      <DefaultMovementSpeed>75</DefaultMovementSpeed>
      <IncrementStepMovementSpeed>14</IncrementStepMovementSpeed>
      <PresetPositions>
        <CCTVPreset>
          <Number>0</Number>
          <Name>position 0</Name>
        </CCTVPreset>
        <CCTVPreset>
          <Number>1</Number>
          <Name>position 1</Name>
        </CCTVPreset>
        <CCTVPreset>
          <Number>2</Number>
          <Name>position 2</Name>
        </CCTVPreset>
        <CCTVPreset>
          <Number>3</Number>
          <Name>position 3</Name>
        </CCTVPreset>
        <CCTVPreset>
          <Number>4</Number>
          <Name>position 4</Name>
        </CCTVPreset>
        <CCTVPreset>
          <Number>5</Number>
          <Name>position 5</Name>
        </CCTVPreset>
        <CCTVPreset>
          <Number>6</Number>
          <Name>position 6</Name>
        </CCTVPreset>
        <CCTVPreset>
          <Number>7</Number>
          <Name>position 7</Name>
        </CCTVPreset>
        <CCTVPreset>
          <Number>8</Number>
          <Name>position 8</Name>
        </CCTVPreset>
        <CCTVPreset>
          <Number>9</Number>
          <Name>position 9</Name>
        </CCTVPreset>
      </PresetPositions>
    </CCTVCamera>
    <CCTVCamera>
      <CameraName>Camera #2</CameraName>
      <SerialPort4Control>COM2</SerialPort4Control>
      <IsCurrentlyInUse>false</IsCurrentlyInUse>
      <CameraNumber>2</CameraNumber>
      <CameraType>PelcoD</CameraType>
      <BaudRate>2001</BaudRate>
      <MinMovementSpeed>3</MinMovementSpeed>
      <MaxMovementSpeed>249</MaxMovementSpeed>
      <DefaultMovementSpeed>75</DefaultMovementSpeed>
      <IncrementStepMovementSpeed>13</IncrementStepMovementSpeed>
      <PresetPositions>
        <CCTVPreset>
          <Number>0</Number>
          <Name>position 0</Name>
        </CCTVPreset>
        <CCTVPreset>
          <Number>1</Number>
          <Name>position 1</Name>
        </CCTVPreset>
        <CCTVPreset>
          <Number>2</Number>
          <Name>position 2</Name>
        </CCTVPreset>
        <CCTVPreset>
          <Number>3</Number>
          <Name>position 3</Name>
        </CCTVPreset>
        <CCTVPreset>
          <Number>4</Number>
          <Name>position 4</Name>
        </CCTVPreset>
        <CCTVPreset>
          <Number>5</Number>
          <Name>position 5</Name>
        </CCTVPreset>
        <CCTVPreset>
          <Number>6</Number>
          <Name>position 6</Name>
        </CCTVPreset>
        <CCTVPreset>
          <Number>7</Number>
          <Name>position 7</Name>
        </CCTVPreset>
        <CCTVPreset>
          <Number>8</Number>
          <Name>position 8</Name>
        </CCTVPreset>
        <CCTVPreset>
          <Number>9</Number>
          <Name>position 9</Name>
        </CCTVPreset>
      </PresetPositions>
    </CCTVCamera>
    <CCTVCamera>
      <CameraName>Camera #3</CameraName>
      <IsCurrentlyInUse>false</IsCurrentlyInUse>
      <CameraNumber>3</CameraNumber>
      <CameraType>StaticCamera</CameraType>
      <MinMovementSpeed>4</MinMovementSpeed>
      <MaxMovementSpeed>246</MaxMovementSpeed>
      <DefaultMovementSpeed>75</DefaultMovementSpeed>
      <IncrementStepMovementSpeed>12</IncrementStepMovementSpeed>
      <PresetPositions/>
    </CCTVCamera>
    <CCTVCamera>
      <CameraName>Camera #4</CameraName>
      <SerialPort4Control>COM4</SerialPort4Control>
      <IsCurrentlyInUse>false</IsCurrentlyInUse>
      <CameraNumber>4</CameraNumber>
      <CameraType>PelcoD</CameraType>
      <BaudRate>4001</BaudRate>
      <MinMovementSpeed>5</MinMovementSpeed>
      <MaxMovementSpeed>243</MaxMovementSpeed>
      <DefaultMovementSpeed>75</DefaultMovementSpeed>
      <IncrementStepMovementSpeed>11</IncrementStepMovementSpeed>
      <PresetPositions>
        <CCTVPreset>
          <Number>0</Number>
          <Name>position 0</Name>
        </CCTVPreset>
        <CCTVPreset>
          <Number>1</Number>
          <Name>position 1</Name>
        </CCTVPreset>
        <CCTVPreset>
          <Number>2</Number>
          <Name>position 2</Name>
        </CCTVPreset>
        <CCTVPreset>
          <Number>3</Number>
          <Name>position 3</Name>
        </CCTVPreset>
        <CCTVPreset>
          <Number>4</Number>
          <Name>position 4</Name>
        </CCTVPreset>
        <CCTVPreset>
          <Number>5</Number>
          <Name>position 5</Name>
        </CCTVPreset>
        <CCTVPreset>
          <Number>6</Number>
          <Name>position 6</Name>
        </CCTVPreset>
        <CCTVPreset>
          <Number>7</Number>
          <Name>position 7</Name>
        </CCTVPreset>
        <CCTVPreset>
          <Number>8</Number>
          <Name>position 8</Name>
        </CCTVPreset>
        <CCTVPreset>
          <Number>9</Number>
          <Name>position 9</Name>
        </CCTVPreset>
      </PresetPositions>
    </CCTVCamera>
    <CCTVCamera>
      <CameraName>Camera #5</CameraName>
      <SerialPort4Control>COM5</SerialPort4Control>
      <IsCurrentlyInUse>false</IsCurrentlyInUse>
      <CameraNumber>5</CameraNumber>
      <CameraType>PelcoD</CameraType>
      <BaudRate>5001</BaudRate>
      <MinMovementSpeed>6</MinMovementSpeed>
      <MaxMovementSpeed>240</MaxMovementSpeed>
      <DefaultMovementSpeed>75</DefaultMovementSpeed>
      <IncrementStepMovementSpeed>10</IncrementStepMovementSpeed>
      <PresetPositions>
        <CCTVPreset>
          <Number>0</Number>
          <Name>position 0</Name>
        </CCTVPreset>
        <CCTVPreset>
          <Number>1</Number>
          <Name>position 1</Name>
        </CCTVPreset>
        <CCTVPreset>
          <Number>2</Number>
          <Name>position 2</Name>
        </CCTVPreset>
        <CCTVPreset>
          <Number>3</Number>
          <Name>position 3</Name>
        </CCTVPreset>
        <CCTVPreset>
          <Number>4</Number>
          <Name>position 4</Name>
        </CCTVPreset>
        <CCTVPreset>
          <Number>5</Number>
          <Name>position 5</Name>
        </CCTVPreset>
        <CCTVPreset>
          <Number>6</Number>
          <Name>position 6</Name>
        </CCTVPreset>
        <CCTVPreset>
          <Number>7</Number>
          <Name>position 7</Name>
        </CCTVPreset>
        <CCTVPreset>
          <Number>8</Number>
          <Name>position 8</Name>
        </CCTVPreset>
        <CCTVPreset>
          <Number>9</Number>
          <Name>position 9</Name>
        </CCTVPreset>
      </PresetPositions>
    </CCTVCamera>
    <CCTVCamera>
      <CameraName>Camera #6</CameraName>
      <SerialPort4Control>COM6</SerialPort4Control>
      <IsCurrentlyInUse>false</IsCurrentlyInUse>
      <CameraNumber>6</CameraNumber>
      <CameraType>PelcoD</CameraType>
      <BaudRate>6001</BaudRate>
      <MinMovementSpeed>7</MinMovementSpeed>
      <MaxMovementSpeed>237</MaxMovementSpeed>
      <DefaultMovementSpeed>75</DefaultMovementSpeed>
      <IncrementStepMovementSpeed>9</IncrementStepMovementSpeed>
      <PresetPositions>
        <CCTVPreset>
          <Number>0</Number>
          <Name>position 0</Name>
        </CCTVPreset>
        <CCTVPreset>
          <Number>1</Number>
          <Name>position 1</Name>
        </CCTVPreset>
        <CCTVPreset>
          <Number>2</Number>
          <Name>position 2</Name>
        </CCTVPreset>
        <CCTVPreset>
          <Number>3</Number>
          <Name>position 3</Name>
        </CCTVPreset>
        <CCTVPreset>
          <Number>4</Number>
          <Name>position 4</Name>
        </CCTVPreset>
        <CCTVPreset>
          <Number>5</Number>
          <Name>position 5</Name>
        </CCTVPreset>
        <CCTVPreset>
          <Number>6</Number>
          <Name>position 6</Name>
        </CCTVPreset>
        <CCTVPreset>
          <Number>7</Number>
          <Name>position 7</Name>
        </CCTVPreset>
        <CCTVPreset>
          <Number>8</Number>
          <Name>position 8</Name>
        </CCTVPreset>
        <CCTVPreset>
          <Number>9</Number>
          <Name>position 9</Name>
        </CCTVPreset>
      </PresetPositions>
    </CCTVCamera>
    <CCTVCamera>
      <CameraName>Camera #7</CameraName>
      <SerialPort4Control>COM7</SerialPort4Control>
      <IsCurrentlyInUse>false</IsCurrentlyInUse>
      <CameraNumber>7</CameraNumber>
      <CameraType>PelcoD</CameraType>
      <BaudRate>7001</BaudRate>
      <MinMovementSpeed>8</MinMovementSpeed>
      <MaxMovementSpeed>234</MaxMovementSpeed>
      <DefaultMovementSpeed>75</DefaultMovementSpeed>
      <IncrementStepMovementSpeed>8</IncrementStepMovementSpeed>
      <PresetPositions>
        <CCTVPreset>
          <Number>0</Number>
          <Name>position 0</Name>
        </CCTVPreset>
        <CCTVPreset>
          <Number>1</Number>
          <Name>position 1</Name>
        </CCTVPreset>
        <CCTVPreset>
          <Number>2</Number>
          <Name>position 2</Name>
        </CCTVPreset>
        <CCTVPreset>
          <Number>3</Number>
          <Name>position 3</Name>
        </CCTVPreset>
        <CCTVPreset>
          <Number>4</Number>
          <Name>position 4</Name>
        </CCTVPreset>
        <CCTVPreset>
          <Number>5</Number>
          <Name>position 5</Name>
        </CCTVPreset>
        <CCTVPreset>
          <Number>6</Number>
          <Name>position 6</Name>
        </CCTVPreset>
        <CCTVPreset>
          <Number>7</Number>
          <Name>position 7</Name>
        </CCTVPreset>
        <CCTVPreset>
          <Number>8</Number>
          <Name>position 8</Name>
        </CCTVPreset>
        <CCTVPreset>
          <Number>9</Number>
          <Name>position 9</Name>
        </CCTVPreset>
      </PresetPositions>
    </CCTVCamera>
  </Cameras>
  <Robots />
</CameraXML>